,length,probability
0,4,0.3190051753881541
1,5,0.2842150661299597
2,3,0.16288096607245545
3,6,0.1403105232892467
4,7,0.04025301897642323
5,2,0.030189764232317423
6,8,0.015094882116158712
7,9,0.004744105807935595
8,10,0.0018688901667625072
9,1,0.0008625646923519264
10,11,0.0004312823461759632
11,12,0.0001437607820586544
